year,DU,scenario
2020,2.0129053229815828,Trend
2025,2.2311042549280655,Trend
2030,2.3592208183477146,Trend
2035,2.4954003681587382,Trend
2040,2.646232994010532,Trend
2045,2.8179043552380554,Trend
2020,2.0129053229815828,TOD
2025,2.796725323807029,TOD
2030,3.416725874701356,TOD
2035,4.068154660004054,TOD
2040,4.791587584661966,TOD
2045,5.619913448600905,TOD
