"","year","EMP","scenario"
"1","2020",5.38576605938332,"Trend"
"2","2025",5.50334415594113,"Trend"
"3","2030",5.66759311289715,"Trend"
"4","2035",5.95979683004312,"Trend"
"5","2040",6.19268490756708,"Trend"
"6","2045",6.32404406223403,"Trend"
"7","2020",5.38576605938332,"TOD"
"8","2025",6.52504272832067,"TOD"
"9","2030",8.49114678560035,"TOD"
"10","2035",11.4752091411719,"TOD"
"11","2040",13.681398619404,"TOD"
"12","2045",14.7082233182028,"TOD"
